{
  "rougeL_mean": 0.23808354491902006,
  "exact_mean": 0.5728155339805825
}