{
  "rougeL_mean": 0.23162873460114114,
  "exact_mean": 0.4934210526315789
}