{
  "rougeL_mean": 0.23283926533029514,
  "exact_mean": 0.5098684210526315
}